{
  "timestamp": 1756781447.8468046,
  "renderer_version": "1.0.0",
  "render_performance": {
    "small": {
      "content_size_kb": 0.2958984375,
      "iterations": 10,
      "times_ms": [
        0.6105880020186305,
        0.5598340067081153,
        0.6075550045352429,
        0.538620981387794,
        0.5662259936798364,
        0.5426039861049503,
        0.5587280029430985,
        0.5594489921350032,
        0.5502979911398143,
        0.5339799972716719
      ],
      "min_ms": 0.5339799972716719,
      "max_ms": 0.6105880020186305,
      "mean_ms": 0.5627882957924157,
      "median_ms": 0.5590884975390509,
      "stdev_ms": 0.026487825005591215,
      "meets_requirement": true
    },
    "medium": {
      "content_size_kb": 5.7265625,
      "iterations": 10,
      "times_ms": [
        8.178618998499587,
        8.166835003066808,
        8.16722700255923,
        8.02883697906509,
        8.142809994751588,
        8.208635001210496,
        8.158890006598085,
        8.02900199778378,
        7.9786230053287,
        8.213032997446135
      ],
      "min_ms": 7.9786230053287,
      "max_ms": 8.213032997446135,
      "mean_ms": 8.12725109863095,
      "median_ms": 8.162862504832447,
      "stdev_ms": 0.08330474702847823,
      "meets_requirement": true
    },
    "large": {
      "content_size_kb": 71.244140625,
      "iterations": 10,
      "times_ms": [
        66.69873200007714,
        66.88717799261212,
        66.41493699862622,
        66.4501819992438,
        66.15960801718757,
        66.13194101373665,
        65.81764799193479,
        67.0252290146891,
        66.34161600959487,
        66.23663599020801
      ],
      "min_ms": 65.81764799193479,
      "max_ms": 67.0252290146891,
      "mean_ms": 66.41637070279103,
      "median_ms": 66.37827650411054,
      "stdev_ms": 0.36763964087551043,
      "meets_requirement": false
    },
    "xlarge": {
      "content_size_kb": 308.59375,
      "iterations": 10,
      "times_ms": [
        252.0424840040505,
        251.64889998268336,
        252.95944800018333,
        253.4427219943609,
        252.32867000158876,
        252.39560700720176,
        254.894999001408,
        265.70914301555604,
        254.43635598639958,
        253.8576349907089
      ],
      "min_ms": 251.64889998268336,
      "max_ms": 265.70914301555604,
      "mean_ms": 254.3715963984141,
      "median_ms": 253.20108499727212,
      "stdev_ms": 4.121153521440128,
      "meets_requirement": false
    }
  },
  "cache_performance": {
    "first_render_ms": 8.13557897345163,
    "cache_times_ms": [
      0.01502400846220553,
      0.011687981896102428,
      0.009548995876684785,
      0.00894599361345172,
      0.008906004950404167,
      0.008830014849081635,
      0.008831993909552693,
      0.008786999387666583,
      0.008786999387666583,
      0.008825008990243077,
      0.008861999958753586,
      0.00883798929862678,
      0.008850009180605412,
      0.008792005246505141,
      0.008748989785090089,
      0.008769013220444322,
      0.008787988917902112,
      0.008780014468356967,
      0.00879299477674067,
      0.008811999578028917,
      0.008822011295706034,
      0.008784991223365068,
      0.008775008609518409,
      0.00882899621501565,
      0.00879299477674067,
      0.008848001016303897,
      0.008859002264216542,
      0.008819974027574062,
      0.008787988917902112,
      0.008795992471277714,
      0.008789997082203627,
      0.008818984497338533,
      0.008756003808230162,
      0.008788018021732569,
      0.008831993909552693,
      0.008795992471277714,
      0.008790986612439156,
      0.008836999768391252,
      0.00881901360116899,
      0.00878400169312954,
      0.008753006113693118,
      0.0088609813246876,
      0.008820003131404519,
      0.008765986422076821,
      0.008788018021732569,
      0.008816015906631947,
      0.008853006875142455,
      0.008795002941042185,
      0.008836999768391252,
      0.0087939843069762,
      0.008820992661640048,
      0.008795002941042185,
      0.0089230015873909,
      0.008919014362618327,
      0.008761999197304249,
      0.008795002941042185,
      0.008868984878063202,
      0.008836010238155723,
      0.0087970111053437,
      0.008809991413727403,
      0.008805014658719301,
      0.008736999006941915,
      0.008766015525907278,
      0.008771021384745836,
      0.008792005246505141,
      0.008764996891841292,
      0.008800998330116272,
      0.008764996891841292,
      0.008749979315325618,
      0.008777977200224996,
      0.008834991604089737,
      0.00877099228091538,
      0.008731003617867827,
      0.008762988727539778,
      0.008798000635579228,
      0.008813018212094903,
      0.008753995643928647,
      0.008811999578028917,
      0.014446006389334798,
      0.008791015716269612,
      0.008794973837211728,
      0.008811999578028917,
      0.008771981811150908,
      0.008785020327195525,
      0.008781003998592496,
      0.008788978448137641,
      0.008814997272565961,
      0.008803996024653316,
      0.00875201658345759,
      0.008753006113693118,
      0.00879602157510817,
      0.008803006494417787,
      0.008787988917902112,
      0.008826988050714135,
      0.008759991033002734,
      0.008795002941042185,
      0.008753995643928647,
      0.008773000445216894,
      0.008764007361605763,
      0.008811999578028917
    ],
    "cache_mean_ms": 0.008957179670687765,
    "cache_max_ms": 0.01502400846220553,
    "speedup_factor": 908.2746213158131,
    "cache_efficiency": true
  },
  "outline_performance": {
    "content_size_kb": 71.244140625,
    "heading_count": 301,
    "iterations": 50,
    "times_ms": [
      4.759665986057371,
      4.555880994303152,
      4.317058017477393,
      4.358367994427681,
      4.42206600564532,
      4.349096998339519,
      4.278209991753101,
      4.273208003723994,
      4.271515004802495,
      4.263861017534509,
      4.270989011274651,
      4.248259006999433,
      4.360671999165788,
      4.309010982979089,
      4.45061398204416,
      4.358138015959412,
      4.341886000474915,
      4.269884986570105,
      4.245644988259301,
      4.3266139982733876,
      4.366695007774979,
      4.3155530001968145,
      4.292915982659906,
      4.247673001373187,
      4.247447999659926,
      4.237708024447784,
      4.277303989510983,
      4.2955589888151735,
      4.254716011928394,
      4.250280995620415,
      4.254446015693247,
      4.25140600418672,
      4.247687000315636,
      4.255270992871374,
      4.303197027184069,
      4.305763985030353,
      4.3221969972364604,
      4.266453004674986,
      4.33866900857538,
      4.3495099816937,
      4.318969004089013,
      4.3269470043014735,
      4.306378978071734,
      4.327089991420507,
      4.310415999498218,
      4.576356004690751,
      4.405479994602501,
      4.366402979940176,
      4.316545004257932,
      4.371613991679624
    ],
    "mean_ms": 4.326745899161324,
    "max_ms": 4.759665986057371,
    "fast_enough": true
  },
  "validation_performance": {
    "content_size_kb": 13.41015625,
    "link_count": 300,
    "iterations": 20,
    "times_ms": [
      5.067310004960746,
      5.337455018889159,
      5.012576002627611,
      5.004282982554287,
      5.039698007749394,
      4.954644973622635,
      4.933247982989997,
      4.950717993779108,
      4.817295994143933,
      4.8251409898512065,
      4.826772987144068,
      4.878400010056794,
      4.925014014588669,
      4.861083987634629,
      4.981464007869363,
      4.789969010744244,
      4.811642982531339,
      6.572932004928589,
      4.831136000575498,
      4.818291985429823
    ],
    "mean_ms": 5.0119538471335545,
    "max_ms": 6.572932004928589,
    "acceptable_speed": true
  }
}